Id,Location,CoverType,StartDate ,EndDate,PolicyTenure,NetPremium,Action,VehicleType,Status
5000123,Kilifi,PRIVATE TPO,26-Jan-20,25-Jan-25,5,1870,EXTEND,PRIVATE,ACTIVE
5000124,Kilifi,PRIVATE TPO,26-Jan-20,25-Jan-25,5,1870,EXTEND,PRIVATE,ACTIVE
5000125,Kilifi,PRIVATE TPO,27-Jan-20,25-Jan-25,5,1870,EXTEND,PRIVATE,ACTIVE
5000126,Kilifi,COMMERCIAL TPO OWN GOODS,24-Jan-20,23-Jan-25,5,4150,EXTEND,COMMERCIAL,ACTIVE
5000127,Kilifi,PRIVATE TOR,25-Jan-20,23-Jan-24,4,900,EXTEND,PRIVATE,NOT ACTIVE 
5000128,Kilifi,PRIVATE COMPREHENSIVE,26-Jan-20,25-Jan-24,4,35000,EXTEND,PRIVATE,ACTIVE
5000129,Kilifi,PSV TPO TAXI,22-Jan-20,21-Jan-25,5,4387,EXTEND,COMMERCIAL,ACTIVE
5000130,Kilifi,PRIVATE TOR,20-Jan-20,19-Feb-24,4,900,EXTEND,PRIVATE,NOT ACTIVE 
5000131,Kilifi,PRIVATE TPO,20-Jan-20,19-Feb-25,5,3500,EXTEND,PRIVATE,ACTIVE
5000132,Kilifi,PRIVATE TPO,20-Jan-20,19-Feb-25,5,3500,EXTEND,PRIVATE,ACTIVE
5000133,Kilifi,PSV TPO TAXI,20-Jan-20,19-Feb-25,5,4387,EXTEND,COMMERCIAL,ACTIVE
5000134,Kilifi,PRIVATE TPO,19-Jan-20,18-Jan-25,5,3500,EXTEND,PRIVATE,ACTIVE
5000135,Kilifi,PSV TPO TAXI,18-Jan-20,17-Jan-25,5,4387,EXTEND,COMMERCIAL,ACTIVE
5000136,Kilifi,PRIVATE TOR,18-Jan-20,17-Feb-24,4,900,EXTEND,PRIVATE,NOT ACTIVE 
5000137,Kilifi,PRIVATE TOR,18-Jan-20,17-Feb-24,4,900,EXTEND,PRIVATE,NOT ACTIVE 
5000138,Kilifi,PRIVATE TPO,16-Jan-20,15-Jan-25,5,3500,EXTEND,PRIVATE,ACTIVE
5000139,Kilifi,PRIVATE TOR,1-Feb-20,29-Feb-24,4,900,EXTEND,PRIVATE,NOT ACTIVE 
5000140,Kilifi,PRIVATE TPO,31-Jan-20,30-Jan-25,5,3500,EXTEND,PRIVATE,ACTIVE
5000141,Kilifi,PRIVATE TPO,2-Feb-20,1-Feb-25,5,3500,EXTEND,PRIVATE,ACTIVE
5000142,Kilifi,PSV TPO TAXI,31-Jan-20,30-Jan-25,5,4387,EXTEND,PRIVATE,ACTIVE
5000143,Kilifi,PRIVATE TOR,7-Feb-20,6-Mar-24,4,900,EXTEND,PRIVATE,NOT ACTIVE 
5000144,Kilifi,COMMERCIAL TPO OWN GOODS,31-Jan-20,30-Jan-25,5,4150,EXTEND,COMMERCIAL,ACTIVE
5000145,Kilifi,COMMERCIAL TPO OWN GOODS,31-Jan-20,29-Jan-25,5,4150,EXTEND,COMMERCIAL,ACTIVE
5000146,Kilifi,PRIVATE COMPREHENSIVE,29-Jan-20,28-Jan-25,5,3200,EXTEND,PRIVATE,ACTIVE
5000147,Kilifi,PRIVATE TOR,29-Jan-20,28-Feb-24,4,900,EXTEND,PRIVATE,NOT ACTIVE 
5000148,Kilifi,PRIVATE TOR,28-Jan-20,27-Feb-24,4,900,EXTEND,PRIVATE,ACTIVE
5000149,Kilifi,PRIVATE TPO,27-Jan-20,26-Jan-25,5,3500,EXTEND,PRIVATE,ACTIVE
5000150,Kilifi,PRIVATE TOR,26-Jan-20,25-Feb-24,4,900,EXTEND,PRIVATE,NOT ACTIVE 
5000151,Kilifi,PIVATE TPO,26-Jan-20,25-Jan-25,5,3500,EXTEND,PRIVATE,ACTIVE
5000152,Kilifi,COMMERCIAL TPO OWN GOODS,28-Jan-20,27-Jan-25,5,4150,EXTEND,COMMERCIAL,ACTIVE
5000153,Kilifi,PRIVATE TPO,2-Jan-20,24-Jan-25,5,3500,EXTEND,PRIVATE,ACTIVE
5000154,Kilifi,PRIVATE TPO,26-Jan-20,25-Jan-25,5,1870,EXTEND,PRIVATE,ACTIVE
5000155,Kilifi,PSV TPO TAXI,6-Feb-20,5-Feb-25,5,4387,EXTEND,COMMERCIAL,ACTIVE
5000156,Kilifi,PRIVATE TOR,5-Feb-20,4-Mar-24,4,800,EXTEND,PRIVATE,NOT ACTIVE 
5000157,Kilifi,COMMERCIAL TPO OWN GOODS,6-Feb-20,5-Feb-25,5,4150,EXTEND,COMMERCIAL,ACTIVE
5000158,Kilifi,PRIVATE TPO,5-Feb-20,4-Feb-25,5,3881,EXTEND,PRIVATE,ACTIVE
5000159,Kilifi,PRIVATE TOR,5-Feb-20,4-Mar-24,4,800,EXTEND,PRIVATE,ACTIVE
5000160,Kilifi,PRIVATE TOR,4-Feb-20,3-Mar-24,4,800,EXTEND,PRIVATE,ACTIVE
5000161,Kilifi,PRIVATE TOR,4-Feb-20,3-Mar-24,4,800,EXTEND,PRIVATE,ACTIVE
5000162,Kilifi,PSV TPO TAXI,3-Feb-20,2-Feb-25,5,4387,EXTEND,COMMERCIAL,ACTIVE
5000163,Kilifi,COMMERCIAL TPO INSTITUTION VEHICLE,5-Feb-20,4-Feb-25,5,0,EXTEND,COMMERCIAL,NOT ACTIVE 
5000164,Kilifi,PRIVATE TPO,3-Feb-20,2-Feb-25,5,3881,EXTEND,PRIVATE,ACTIVE
5000165,Kilifi,PRIVATE TOR,4-Feb-20,3-Mar-24,4,800,EXTEND,PRIVATE,ACTIVE
5000166,Kilifi,PRIVATE TPO,2-Feb-20,1-Feb-25,5,3881,EXTEND,PRIVATE,ACTIVE
5000167,Kilifi,PRIVATE TPO,3-Feb-20,2-Feb-25,5,3881,EXTEND,PRIVATE,ACTIVE
5000168,Kilifi,COMMERCIAL TOR OWN GOODS,3-Feb-20,2-Mar-24,4,900,EXTEND,COMMERCIAL,ACTIVE
5000169,Kilifi,PRIVATE TPO,1-Feb-20,31-Jan-25,5,3500,EXTEND,COMMERCIAL,ACTIVE
5000170,Kilifi,PSV TPO TAXI,31-Jan-20,30-Jan-25,5,4387,EXTEND,PRIVATE,ACTIVE
5000171,Kilifi,PRIVATE TPO,10-Feb-20,9-Feb-25,5,3881,EXTEND,PRIVATE,ACTIVE
5000172,Kilifi,COMMERCIAL TPO GENERAL CARTAGE,10-Feb-20,9-Feb-25,5,4150,EXTEND,COMMERCIAL,ACTIVE
5000173,Kilifi,COMMERCIAL TOR OWN GOODS,10-Feb-20,9-Mar-24,4,900,EXTEND,COMMERCIAL,NOT ACTIVE 
5000174,Kilifi,PRIVATE TPO,10-Feb-20,9-Feb-25,5,3881,EXTEND,PRIVATE,ACTIVE
5000175,Kilifi,PSV COMPREHENSIVE UBER,24-Feb-20,23-Feb-25,5,0,EXTEND,COMMERCIAL,NOT ACTIVE 
5000176,Kilifi,COMMERCIAL TPO OWN GOODS,13-Feb-20,12-Feb-25,5,4150,EXTEND,COMMERCIAL,ACTIVE
5000177,Kilifi,PRIVATE TPO,8-Feb-20,7-Feb-25,5,3881,EXTEND,PRIVATE,ACTIVE
5000178,Kilifi,PRIVATE TPO,9-Feb-20,8-Feb-25,5,3881,EXTEND,PRIVATE,ACTIVE
5000179,Kilifi,PRIVATE TOR,9-Feb-20,8-Mar-24,4,900,EXTEND,PRIVATE,ACTIVE
5000180,Kilifi,PRIVATE TOR,8-Feb-20,7-Mar-24,4,800,EXTEND,PRIVATE,ACTIVE
5000181,Kilifi,PRIVATE TPO,7-Feb-20,6-Feb-25,5,3881,EXTEND,PRIVATE,ACTIVE
5000182,Kilifi,PRIVATE TPO,7-Feb-20,6-Feb-25,5,3881,EXTEND,PRIVATE,ACTIVE
5000183,Kilifi,PRIVATE TPO,8-Feb-20,7-Feb-25,5,3881,EXTEND,PRIVATE,ACTIVE
5000184,Kilifi,COMMERCIAL TPO OWN GOODS,8-Feb-20,7-Feb-25,5,4150,EXTEND,COMMERCIAL,ACTIVE
5000185,Kilifi,PRIVATE TOR,7-Feb-20,6-Mar-24,4,900,EXTEND,PRIVATE,ACTIVE
5000186,Kilifi,PRIVATE TOR,6-Feb-20,5-Mar-24,4,800,EXTEND,PRIVATE,ACTIVE
5000187,Kilifi,PSV COMPREHENSIVE UBER,27-Feb-20,26-Feb-25,5,0,EXTEND,PRIVATE,NOT ACTIVE 
5000188,Kilifi,COMMERCIAL TOR OWN GOODS,14-Feb-20,13-Aug-24,4,0,EXTEND,COMMERCIAL,NOT ACTIVE 
5000189,Kilifi,PRIVATE TPO,13-Feb-20,12-Feb-25,5,3881,EXTEND,PRIVATE,ACTIVE
5000190,Kilifi,PIVATE TPO,12-Feb-20,11-Feb-25,5,3881,EXTEND,PRIVATE,ACTIVE
5000191,Kilifi,PRIVATE TPO,12-Feb-20,11-Feb-25,5,3881,EXTEND,PRIVATE,ACTIVE
5000192,Kilifi,PRIVATE TPO,12-Feb-20,11-Feb-25,5,3881,EXTEND,PRIVATE,ACTIVE
5000193,Kilifi,PRIVATE COMPREHENSIVE,12-Feb-20,11-Feb-25,5,43936,EXTEND,PRIVATE,ACTIVE
5000194,Kilifi,PRIVATE TOR,12-Feb-20,11-Mar-24,4,900,EXTEND,PRIVATE,ACTIVE
5000195,Kilifi,PRIVATE TPO,11-Feb-20,10-Feb-25,5,3881,EXTEND,PRIVATE,ACTIVE
5000196,Kilifi,PRIVATE TOR,11-Feb-20,10-Mar-24,4,800,EXTEND,PRIVATE,ACTIVE
5000197,Kilifi,PRIVATE TOR,11-Feb-20,10-Mar-24,4,900,EXTEND,PRIVATE,ACTIVE
5000198,Kilifi,COMMERCIAL TPO GENERAL CARTAGE,10-Feb-20,9-Feb-25,5,4150,EXTEND,COMMERCIAL,ACTIVE
5000199,Kilifi,COMMERCIAL TPO OWN GOODS,10-Feb-20,9-Feb-25,5,4150,EXTEND,COMMERCIAL,ACTIVE
5000200,Kilifi,COMMERCIAL TPO GENERAL CARTAGE,10-Feb-20,9-Feb-25,5,4150,EXTEND,COMMERCIAL,ACTIVE
5000201,Kilifi,PRIVATE TPO,11-Feb-20,10-Feb-25,5,3881,EXTEND,PRIVATE,ACTIVE
5000202,Kilifi,PRIVATE TPO,10-Feb-20,9-Feb-25,5,3881,EXTEND,PRIVATE,ACTIVE
5000203,Kilifi,PRIVATE TOR,15-Jan-20,14-Feb-24,4,900,EXTEND,PRIVATE,ACTIVE
5000204,Kilifi,PRIVATE COMPREHENSIVE,15-Jan-20,14-Jan-25,5,4680,EXTEND,PRIVATE,ACTIVE
5000205,Kilifi,PSV TPO TAXI,15-Jan-20,14-Jan-25,5,4387,EXTEND,COMMERCIAL,ACTIVE
5000206,Kilifi,PRIVATE TOR,15-Jan-20,14-Feb-24,4,0,EXTEND,PRIVATE,NOT ACTIVE 
5000207,Kilifi,PRIVATE TPO,13-Jan-20,12-Jan-25,5,3500,EXTEND,PRIVATE,ACTIVE
5000208,Kilifi,PRIVATE TPO,13-Jan-20,12-Jan-25,5,3500,EXTEND,PRIVATE,ACTIVE
5000209,Kilifi,COMMERCIAL TPO OWN GOODS,13-Jan-20,12-Jan-25,5,0,EXTEND,COMMERCIAL,ACTIVE
5000210,Kilifi,COMMERCIAL TPO OWN GOODS,13-Jan-20,12-Jan-25,5,4150,EXTEND,COMMERCIAL,ACTIVE
5000211,Kilifi,PRIVATE COMPREHENSIVE,12-Jan-20,11-Jan-25,5,5664,EXTEND,PRIVATE,ACTIVE
5000212,Kilifi,PRIVATE COMPREHENSIVE,12-Jan-20,11-Jan-25,5,4500,EXTEND,PRIVATE,ACTIVE
5000213,Kilifi,PRIVATE TPO,12-Jan-20,11-Jan-25,5,3500,EXTEND,PRIVATE,ACTIVE
5000214,Kilifi,COMMERCIAL TOR OWN GOODS,12-Jan-20,11-Feb-24,4,900,EXTEND,COMMERCIAL,ACTIVE
5000215,Kilifi,PRIVATE TPO,15-Jan-20,14-Jan-25,5,3500,EXTEND,PRIVATE,ACTIVE
5000216,Kilifi,PRIVATE TOR,11-Jan-20,10-Feb-24,4,900,EXTEND,PRIVATE,ACTIVE
5000217,Kilifi,PSV TPO TAXI,11-Jan-20,10-Jan-25,5,4387,EXTEND,COMMERCIAL,ACTIVE
5000218,Kilifi,PRIVATE TPO,11-Jan-20,10-Jan-25,5,3500,EXTEND,PRIVATE,ACTIVE
5000219,Kilifi,PRIVATE TOR,11-Jan-20,10-Feb-24,4,900,EXTEND,PRIVATE,ACTIVE
5000220,Kilifi,PRIVATE TPO,14-Jan-20,13-Jan-25,5,3500,EXTEND,PRIVATE,ACTIVE
5000221,Kilifi,COMMERCIAL TOR OWN GOODS,10-Jan-20,9-Feb-24,4,900,EXTEND,COMMERCIAL,ACTIVE
5000222,Kilifi,PRIVATE TOR,12-Jan-20,11-Feb-24,4,900,EXTEND,PRIVATE,ACTIVE
5000223,Kilifi,PSV TPO TAXI,10-Jan-20,9-Jan-25,5,4387,EXTEND,COMMERCIAL,ACTIVE
5000224,Kilifi,PRIVATE TOR,10-Feb-20,9-Feb-24,4,900,EXTEND,PRIVATE,ACTIVE
5000225,Kilifi,PRIVATE TPO,10-Jan-20,9-Jan-25,5,3500,EXTEND,PRIVATE,ACTIVE
5000226,Kilifi,PRIVATE TPO,11-Jan-20,10-Jan-25,5,1870,EXTEND,PRIVATE,ACTIVE
5000227,Kilifi,PRIVATE TPO,13-Jan-20,12-Jan-25,5,1870,EXTEND,PRIVATE,ACTIVE
5000228,Kilifi,COMMERCIAL TPO OWN GOODS,13-Jan-20,12-Jan-25,5,4150,EXTEND,COMMERCIAL,ACTIVE
5000229,Kilifi,PRIVATE TPO,13-Jan-20,12-Jan-25,5,1870,EXTEND,PRIVATE,ACTIVE
5000230,Kilifi,PRIVATE TPO,8-Jan-20,7-Jan-25,5,3500,EXTEND,PRIVATE,ACTIVE
5000231,Kilifi,PRIVATE TPO,10-Jan-20,9-Jan-25,5,3500,EXTEND,PRIVATE,ACTIVE
5000232,Kilifi,PRIVATE TOR,7-Jan-20,6-Feb-24,4,900,EXTEND,PRIVATE,ACTIVE
5000233,Kilifi,PRIVATE TPO,6-Jan-20,5-Jan-25,5,0,EXTEND,PRIVATE,NOT ACTIVE 
5000234,Kilifi,PRIVATE TOR,6-Jan-20,5-Feb-24,4,0,EXTEND,PRIVATE,NOT ACTIVE 
5000235,Kilifi,PRIVATE TOR,6-Jan-20,5-Feb-24,4,900,EXTEND,PRIVATE,ACTIVE
5000236,Kilifi,PRIVATE TOR,6-Jan-20,5-Feb-24,4,900,EXTEND,PRIVATE,ACTIVE
5000237,Kilifi,COMMERCIAL TOR OWN GOODS,5-Jan-20,4-Feb-24,4,0,EXTEND,COMMERCIAL,NOT ACTIVE 
5000238,Kilifi,PRIVATE TOR,5-Jan-20,4-Feb-24,4,900,EXTEND,PRIVATE,ACTIVE
5000239,Kilifi,PRIVATE TPO,5-Jan-20,4-Jan-25,5,3500,EXTEND,PRIVATE,ACTIVE
5000240,Kilifi,PRIVATE TPO,5-Jan-20,4-Jan-25,5,3500,EXTEND,PRIVATE,ACTIVE
5000241,Kilifi,PSV TPO TAXI,5-Jan-20,4-Jan-25,5,4387,EXTEND,COMMERCIAL,ACTIVE
5000242,Kilifi,PRIVATE TOR,4-Jan-20,3-Feb-24,5,900,EXTEND,PRIVATE,ACTIVE
5000243,Kilifi,PRIVATE TPO,4-Jan-20,3-Jan-25,4,3500,EXTEND,PRIVATE,ACTIVE
5000244,Kilifi,PRIVATE TPO,4-Jan-20,3-Jan-25,5,0,EXTEND,PRIVATE,NOT ACTIVE 
5000245,Kilifi,PSV TPO TAXI,4-Jan-20,3-Jan-25,5,0,EXTEND,COMMERCIAL,NOT ACTIVE 
5000246,Kilifi,PRIVATE TOR,4-Jan-20,3-Feb-24,5,900,EXTEND,PRIVATE,ACTIVE
5000247,Kilifi,PRIVATE TPO,3-Jan-20,2-Jan-25,4,1870,EXTEND,PRIVATE,ACTIVE
5000248,Kilifi,PRIVATE TOR,3-Jan-20,2-Feb-24,5,900,EXTEND,PRIVATE,ACTIVE
5000249,Kilifi,PRIVATE TOR,4-Jan-20,3-Feb-24,4,900,EXTEND,PRIVATE,ACTIVE
5000250,Kilifi,PRIVATE TPO,5-Jan-20,4-Jan-25,4,3500,EXTEND,PRIVATE,ACTIVE
5000251,Kilifi,PRIVATE TOR,5-Jan-20,4-Feb-24,5,900,EXTEND,PRIVATE,ACTIVE
5000252,Kilifi,PRIVATE TOR,3-Jan-20,2-Feb-24,4,900,EXTEND,PRIVATE,ACTIVE
5000253,Kilifi,PRIVATE TOR,3-Jan-20,2-Feb-24,4,900,EXTEND,PRIVATE,ACTIVE
5000254,Kilifi,COMMERCIAL TOR OWN GOODS,3-Jan-20,2-Feb-24,4,900,EXTEND,COMMERCIAL,ACTIVE
5000255,Kilifi,PRIVATE TOR,2-Jan-20,1-Feb-24,4,900,EXTEND,PRIVATE,ACTIVE
5000256,Kilifi,PRIVATE TOR ,7-Jan-20,6-Feb-24,4,900,EXTEND,PRIVATE,ACTIVE
5000257,Kilifi,PRIVATE TOR,1-Jan-20,31-Jan-24,4,600,EXTEND,PRIVATE,ACTIVE
5000258,Kilifi,COMMERCIAL TPO OWN GOODS,1-Jan-20,31-Jan-24,4,700,EXTEND,COMMERCIAL,ACTIVE
5000259,Kilifi,PRIVATE TPO,31-Dec-23,30-Dec-24,4,3500,EXTEND,PRIVATE,ACTIVE
5000260,Kilifi,COMMERCIAL TPO OWN GOODS,30-Dec-23,29-Dec-24,1,4150,EXTEND,COMMERCIAL,ACTIVE
5000261,Kilifi,PRIVATE TOR,29-Dec-23,28-Jan-24,1,600,EXTEND,PRIVATE,ACTIVE
5000262,Kilifi,PRIVATE TPO,28-Dec-23,27-Dec-24,1,3500,EXTEND,PRIVATE,ACTIVE
5000263,Kilifi,PRIVATE TPO,28-Dec-23,27-Dec-24,1,3500,EXTEND,PRIVATE,ACTIVE
5000264,Kilifi,COMMERCIAL TPO OWN GOODS,28-Dec-23,27-Dec-24,1,4150,EXTEND,COMMERCIAL,ACTIVE
5000265,Kilifi,COMMERCIAL TOR OWN GOODS,28-Dec-23,27-Jan-24,1,700,EXTEND,COMMERCIAL,ACTIVE
5000266,Kilifi,PRIVATE TPO,28-Dec-23,27-Dec-24,1,0,EXTEND,PRIVATE,NOT ACTIVE 
5000267,Kilifi,PRIVATE TOR,26-Dec-23,25-Jan-24,1,600,EXTEND,PRIVATE,ACTIVE
5000268,Kilifi,PRIVATE TOR,2-Jan-20,1-Feb-24,1,600,EXTEND,PRIVATE,ACTIVE
5000269,Kilifi,PRIVATE TOR,24-Dec-23,23-Jan-24,4,0,EXTEND,PRIVATE,NOT ACTIVE 
5000270,Kilifi,PRIVATE TOR,24-Dec-23,23-Jan-24,1,0,EXTEND,PRIVATE,NOT ACTIVE 
5000271,Kilifi,PRIVATE TPO,23-Dec-23,22-Dec-24,1,3500,EXTEND,PRIVATE,ACTIVE
5000272,Kilifi,PRIVATE TOR,23-Dec-23,22-Jan-24,1,600,EXTEND,PRIVATE,ACTIVE
5000273,Kilifi,PRIVATE TPO,22-Dec-23,21-Dec-24,1,0,EXTEND,PRIVATE,NOT ACTIVE 
5000274,Kilifi,PRIVATE TPO,15-Feb-20,14-Feb-25,1,3881,EXTEND,PRIVATE,ACTIVE
5000275,Kilifi,COMMERCIAL TOR OWN GOODS,22-Dec-23,21-Jan-24,5,0,EXTEND,COMMERCIAL,NOT ACTIVE 
5000276,Kilifi,PRIVATE TOR,21-Dec-23,20-Jan-24,1,0,EXTEND,PRIVATE,NOT ACTIVE 
5000277,Kilifi,PSV TPO TAXI,22-Dec-23,21-Dec-24,1,0,EXTEND,COMMERCIAL,NOT ACTIVE 
5000278,Kilifi,PRIVATE TPO,21-Dec-23,20-Dec-24,1,3500,EXTEND,PRIVATE,ACTIVE
5000279,Kilifi,COMMERCIAL TPO OWN GOODS,21-Dec-23,20-Dec-24,1,4150,EXTEND,COMMERCIAL,ACTIVE
5000280,Kilifi,PRIVATE TPO,29-Dec-23,28-Dec-24,1,3500,EXTEND,PRIVATE,ACTIVE
5000281,Kilifi,PRIVATE TOR,21-Dec-23,20-Jan-24,1,600,EXTEND,PRIVATE,ACTIVE
5000282,Kilifi,PRIVATE TPO,20-Dec-23,19-Dec-24,1,3500,EXTEND,PRIVATE,ACTIVE
5000283,Kilifi,PRIVATE TPO,20-Dec-23,19-Dec-24,1,0,EXTEND,PRIVATE,NOT ACTIVE 
5000284,Kilifi,PRIVATE TPO,20-Dec-23,19-Dec-24,1,3500,EXTEND,PRIVATE,ACTIVE
5000285,Kilifi,PRIVATE TOR,20-Dec-23,19-Jan-24,1,600,EXTEND,PRIVATE,ACTIVE
5000286,Kilifi,PRIVATE TOR,20-Dec-23,19-Jan-24,1,600,EXTEND,PRIVATE,ACTIVE
5000287,Kilifi,PRIVATE TOR,20-Dec-23,19-Jan-24,1,600,EXTEND,PRIVATE,ACTIVE
5000288,Kilifi,COMMERCIAL TPO OWN GOODS,19-Dec-23,18-Dec-24,1,4150,EXTEND,COMMERCIAL,ACTIVE
5000289,Kilifi,PRIVATE TPO,19-Dec-23,18-Dec-24,1,1870,EXTEND,PRIVATE,ACTIVE
5000290,Kilifi,PRIVATE TPO ,19-Dec-23,18-Dec-24,1,3500,EXTEND,PRIVATE,ACTIVE
5000291,Kilifi,PRIVATE TPO,18-Dec-23,18-Dec-24,1,3500,EXTEND,PRIVATE,ACTIVE
5000292,Kilifi,PRIVATE TPO,2-Jan-20,1-Jan-25,1,3500,EXTEND,PRIVATE,ACTIVE
5000293,Kilifi,PRIVATE TPO,18-Dec-23,17-Dec-24,5,3500,EXTEND,PRIVATE,ACTIVE
5000294,Kilifi,PRIVATE TOR,18-Dec-23,17-Jan-24,1,0,EXTEND,PRIVATE,NOT ACTIVE 
5000295,Kilifi,PRIVATE TPO,16-Dec-23,15-Dec-24,1,3500,EXTEND,PRIVATE,ACTIVE
5000296,Kilifi,PSV TPO TAXI,11-Mar-20,10-Mar-25,1,4387,EXTEND,COMMERCIAL,ACTIVE
5000297,Kilifi,COMMERCIAL TOR OWN GOODS,9-Mar-20,8-Apr-24,5,750,EXTEND,COMMERCIAL,ACTIVE
5000298,Kilifi,PRIVATE COMPREHENSIVE,8-Mar-20,7-Mar-25,4,5201,EXTEND,PRIVATE,ACTIVE
5000299,Kilifi,PRIVATE TOR,8-Mar-20,7-Apr-24,5,750,EXTEND,PRIVATE,ACTIVE
5000300,Kilifi,PRIVATE TOR,6-Mar-20,5-Apr-24,4,750,EXTEND,PRIVATE,ACTIVE
5000301,Kilifi,PRIVATE TOR,5-Mar-20,4-Apr-24,4,750,EXTEND,PRIVATE,ACTIVE
5000302,Kilifi,PRIVATE TPO,7-Mar-20,6-Mar-25,4,0,EXTEND,PRIVATE,NOT ACTIVE 
5000303,Kilifi,PRIVATE TOR,5-Mar-20,4-Apr-24,5,750,EXTEND,PRIVATE,ACTIVE
5000304,Kilifi,PRIVATE TOR,6-Mar-20,5-Apr-24,4,750,EXTEND,PRIVATE,ACTIVE
5000305,Kilifi,PRIVATE TOR,5-Mar-20,4-Apr-24,4,750,EXTEND,PRIVATE,ACTIVE
5000306,Kilifi,PRIVATE TOR,5-Mar-20,4-Apr-24,4,750,EXTEND,PRIVATE,ACTIVE
5000307,Kilifi,COMMERCIAL TPO OWN GOODS,6-May-20,5-May-24,4,4150,EXTEND,COMMERCIAL,ACTIVE
5000308,Kilifi,PRIVATE TOR,4-Mar-20,3-Apr-24,4,750,EXTEND,PRIVATE,ACTIVE
5000309,Kilifi,PRIVATE COMPREHENSIVE,4-Mar-20,3-Mar-25,4,32048,EXTEND,PRIVATE,ACTIVE
5000310,Kilifi,COMMERCIAL TPO OWN GOODS,4-Mar-20,3-Mar-25,5,6899,EXTEND,COMMERCIAL,ACTIVE
5000311,Kilifi,PRIVATE  TOR,4-Mar-20,3-Apr-24,5,750,EXTEND,PRIVATE,ACTIVE
5000312,Kilifi,PRIVATE TOR,3-Mar-20,2-Apr-24,4,750,EXTEND,PRIVATE,ACTIVE
5000313,Kilifi,COMMERCIAL TORINSTITUTION VEHICLE,4-Mar-20,3-Apr-24,4,0,EXTEND,COMMERCIAL,NOT ACTIVE 
5000314,Kilifi,PRIVATE TOR,31-Mar-20,31-Mar-24,4,750,EXTEND,PRIVATE,ACTIVE
5000315,Kilifi,PRIVATE TOR,7-Mar-20,6-Apr-24,4,750,EXTEND,PRIVATE,ACTIVE
5000316,Kilifi,PRIVATE TOR,29-Feb-20,28-Mar-24,4,750,EXTEND,PRIVATE,ACTIVE
5000317,Kilifi,PRIVATE TOR,28-Feb-20,27-Mar-24,4,750,EXTEND,PRIVATE,ACTIVE
5000318,Kilifi,PRIVATE TOR,26-Feb-20,25-Mar-24,4,0,EXTEND,PRIVATE,NOT ACTIVE 
5000319,Kilifi,PRIVATE TOR,26-Feb-20,25-Mar-24,4,750,EXTEND,PRIVATE,ACTIVE
5000320,Kilifi,PRIVATE TPO,26-Feb-20,25-Feb-25,4,3881,EXTEND,PRIVATE,ACTIVE
5000321,Kilifi,PRIVATE TOR,22-Feb-20,21-Mar-24,5,750,EXTEND,PRIVATE,ACTIVE
5000322,Kilifi,PRIVATE TOR,22-Feb-20,21-Mar-24,4,750,EXTEND,PRIVATE,ACTIVE
5000323,Kilifi,PRIVATE COMPREHENSIVE,23-Feb-20,22-Feb-25,4,5154,EXTEND,PRIVATE,ACTIVE
5000324,Kilifi,PRIVATE TOR,16-Feb-20,15-Mar-24,5,750,EXTEND,PRIVATE,ACTIVE
5000325,Kilifi,PRIVATE TPO,15-Feb-20,14-Feb-25,4,3881,EXTEND,PRIVATE,ACTIVE
5000326,Kilifi,PSV TPO TAXI,14-Feb-20,13-Feb-25,5,4387,EXTEND,PRIVATE,ACTIVE
5000327,Kilifi,PRIVATE TPO,14-Feb-20,13-Feb-25,5,3881,EXTEND,COMMERCIAL,ACTIVE
5000328,Kilifi,COMMERCIAL TPO OWN GOODS,18-Mar-20,17-Mar-25,5,4150,EXTEND,PRIVATE,ACTIVE
5000329,Kilifi,PRIVATE TOR,18-Mar-20,17-Apr-24,5,750,EXTEND,PRIVATE,ACTIVE
5000330,Kilifi,PRIVATE TPO,16-Mar-20,15-Mar-25,4,3881,EXTEND,PRIVATE,ACTIVE
5000331,Kilifi,PRIVATE TPO,16-Mar-20,15-Mar-25,5,3881,EXTEND,PRIVATE,ACTIVE
5000332,Kilifi,PRIVATE TPO,16-Mar-20,15-Mar-25,5,3881,EXTEND,PRIVATE,ACTIVE
5000333,Kilifi,PRIVATE TOR,15-Mar-20,14-Apr-24,5,750,EXTEND,PRIVATE,ACTIVE
5000334,Kilifi,PRIVATE TOR,15-Mar-20,14-Apr-24,4,750,EXTEND,PRIVATE,ACTIVE
5000335,Kilifi,COMMERCIAL TPO OWN GOODS,15-Mar-20,14-Mar-25,4,4150,EXTEND,COMMERCIAL,ACTIVE
5000336,Kilifi,PSV TPO TAXI,16-Mar-20,15-Mar-25,5,4387,EXTEND,COMMERCIAL,ACTIVE
5000337,Kilifi,PRIVATE TPO ,14-Mar-20,13-Mar-25,5,3881,EXTEND,PRIVATE,ACTIVE
5000338,Kilifi,COMMERCIAL TOR OWN GOODS,12-Mar-20,11-Apr-24,5,750,EXTEND,COMMERCIAL,ACTIVE
5000339,Kilifi,PRIVATE TOR,12-Mar-20,11-Apr-24,4,750,EXTEND,PRIVATE,ACTIVE
5000340,Kilifi,PRIVATE TOR,12-Mar-20,11-Apr-24,4,750,EXTEND,PRIVATE,ACTIVE
5000341,Kilifi,PRIVATE TOR,11-Mar-20,10-Apr-24,4,750,EXTEND,PRIVATE,ACTIVE
5000342,Kilifi,PRIVATE TPO,11-Mar-20,10-Mar-25,4,0,EXTEND,PRIVATE,NOT ACTIVE 
5000343,Kilifi,PRIVATE TOR,11-Mar-20,10-Apr-24,5,750,EXTEND,PRIVATE,ACTIVE
5000344,Kilifi,COMMERCIAL TPO GENERAL CARTAGE,27-Mar-20,26-Mar-25,4,4150,EXTEND,COMMERCIAL,ACTIVE
5000345,Kilifi,PRIVATE TPO,27-Mar-20,26-Mar-25,5,3881,EXTEND,PRIVATE,ACTIVE
5000346,Kilifi,PRIVATE TPO,27-Mar-20,26-Mar-25,5,3881,EXTEND,PRIVATE,ACTIVE
5000347,Kilifi,PRIVATE TPO,26-Mar-20,25-Mar-25,5,3881,EXTEND,PRIVATE,ACTIVE
5000348,Kilifi,PRIVATE TPO,26-Mar-20,25-Mar-25,5,3881,EXTEND,PRIVATE,ACTIVE
5000349,Kilifi,PRIVATE TOR,25-Mar-20,24-Apr-24,5,750,EXTEND,PRIVATE,ACTIVE
5000350,Kilifi,COMMERCIAL TOR GENERAL CARTAGE,24-Mar-20,23-Apr-24,4,750,EXTEND,COMMERCIAL,ACTIVE
5000351,Kilifi,PRIVATE TOR,24-Mar-20,23-Apr-24,4,750,EXTEND,PRIVATE,ACTIVE
5000352,Kilifi,PRIVATE TPO,23-Mar-20,22-Mar-25,4,1870,EXTEND,PRIVATE,ACTIVE
5000353,Kilifi,PRIVATE TOR,22-Mar-20,21-Apr-24,5,750,EXTEND,PRIVATE,ACTIVE
5000354,Kilifi,PRIVATE TOR,22-Mar-20,21-Apr-24,4,750,EXTEND,PRIVATE,ACTIVE
5000355,Kilifi,COMMERCIAL TPO GENERAL CARTAGE,21-Mar-20,20-Mar-25,4,4150,EXTEND,COMMERCIAL,ACTIVE
5000356,Kilifi,COMMERCIAL TPO OWN GOODS,21-Mar-20,20-Apr-24,5,4150,EXTEND,COMMERCIAL,ACTIVE
5000357,Kilifi,COMMERCIAL TOR GENERAL CARTAGE,21-Mar-20,20-Apr-24,4,750,EXTEND,COMMERCIAL,ACTIVE
5000358,Kilifi,COMMERCIAL TOR OWN GOODS,21-Mar-20,20-Apr-24,4,750,EXTEND,COMMERCIAL,ACTIVE
5000359,Kilifi,PRIVATE TOR,19-Mar-20,19-Mar-24,4,750,EXTEND,PRIVATE,ACTIVE
5000360,Kilifi,PRIVATE TOR,5-Apr-20,4-May-24,4,750,EXTEND,PRIVATE,ACTIVE
5000361,Kilifi,PRIVATE TOR,6-Apr-20,5-May-24,4,750,EXTEND,PRIVATE,ACTIVE
5000362,Kilifi,PRIVATE TOR,5-Apr-20,4-May-24,4,750,EXTEND,PRIVATE,ACTIVE
5000363,Kilifi,COMMERCIAL TOR OWN GOODS,4-Apr-20,3-May-24,4,750,EXTEND,COMMERCIAL,ACTIVE
5000364,Kilifi,PRIVATE TPO,4-Apr-20,3-Apr-25,4,3881,EXTEND,PRIVATE,ACTIVE
5000365,Kilifi,PRIVATE TOR,7-Apr-20,6-May-24,5,750,EXTEND,PRIVATE,ACTIVE
5000366,Kilifi,PRIVATE TOR,2-Apr-20,1-May-24,4,750,EXTEND,PRIVATE,ACTIVE
5000367,Kilifi,PRIVATE TOR,2-Apr-20,1-May-24,4,0,EXTEND,PRIVATE,ACTIVE
5000368,Kilifi,PSV TPO TAXI,1-Apr-20,31-Mar-25,4,4387,EXTEND,COMMERCIAL,ACTIVE
5000369,Kilifi,PRIVATE TPO,31-Mar-20,30-Mar-25,5,3881,EXTEND,PRIVATE,ACTIVE
5000370,Kilifi,PRIVATE TOR,31-Mar-20,30-Apr-24,5,750,EXTEND,PRIVATE,ACTIVE
5000371,Kilifi,PRIVATE TOR,30-Mar-20,29-Apr-24,4,750,EXTEND,PRIVATE,ACTIVE
5000372,Kilifi,PRIVATE TOR,30-Mar-20,29-Apr-24,4,750,EXTEND,PRIVATE,ACTIVE
5000373,Kilifi,PRIVATE TPO,29-Mar-20,28-Mar-25,4,3881,EXTEND,PRIVATE,ACTIVE
5000374,Kilifi,PRIVATE TOR,29-Mar-20,28-Apr-24,5,750,EXTEND,PRIVATE,ACTIVE
5000375,Kilifi,COMMERCIAL TPO OWN GOODS,28-Mar-20,27-Mar-25,4,0,EXTEND,COMMERCIAL,ACTIVE
5000376,Kilifi,PRIVATE TOR,11-Apr-20,10-May-24,5,750,EXTEND,PRIVATE,ACTIVE
5000377,Kilifi,PRIVATE COMPREHENSIVE,9-Apr-20,8-Apr-25,4,5329,EXTEND,PRIVATE,ACTIVE
5000378,Kilifi,PRIVATE TPO,9-Apr-20,8-Apr-25,5,1870,EXTEND,PRIVATE,ACTIVE
5000379,Kilifi,COMMERCIAL TOR OWN GOODS,9-Apr-20,8-May-24,5,750,EXTEND,COMMERCIAL,ACTIVE
5000380,Kilifi,PRIVATE TPO,9-Apr-20,8-May-24,4,0,EXTEND,PRIVATE,ACTIVE
5000381,Kilifi,PRIVATE TPO,9-Apr-20,8-Apr-25,4,3881,EXTEND,PRIVATE,ACTIVE
5000382,Kilifi,PRIVATE TPO,8-Apr-20,7-Apr-25,5,3881,EXTEND,PRIVATE,ACTIVE
5000383,Kilifi,COMMERCIAL TPO OWN GOODS,8-Apr-20,7-Apr-25,5,4150,EXTEND,COMMERCIAL,ACTIVE
5000384,Kilifi,PRIVATE COMPREHENSIVE,9-Apr-20,8-Apr-25,5,5209,EXTEND,PRIVATE,ACTIVE
5000385,Kilifi,PRIVATE TPO ,8-Apr-20,7-Apr-25,5,1870,EXTEND,PRIVATE,ACTIVE
5000386,Kilifi,COMMERCIAL TPO OWN GOODS,8-Apr-20,7-Apr-25,5,2784,EXTEND,COMMERCIAL,ACTIVE
5000387,Kilifi,PRIVATE TOR,7-Apr-20,7-May-24,5,750,EXTEND,PRIVATE,ACTIVE
5000388,Kilifi,PRIVATE TPO,7-Apr-20,6-Apr-25,4,3881,EXTEND,PRIVATE,ACTIVE
5000389,Kilifi,PRIVATE TOR,6-Apr-20,5-May-24,5,750,EXTEND,PRIVATE,ACTIVE
5000390,Kilifi,PRIVATE TOR,5-Apr-20,4-May-24,4,750,EXTEND,PRIVATE,ACTIVE
5000391,Kilifi,PRIVATE TOR,5-Apr-20,4-May-24,4,750,EXTEND,PRIVATE,ACTIVE
5000392,Kilifi,PSV TPO TAXI,16-Apr-20,15-Apr-25,4,0,EXTEND,COMMERCIAL,NOT ACTIVE 
5000393,Kilifi,COMMERCIAL TOR OWN GOODS,16-Apr-20,15-May-24,5,700,EXTEND,COMMERCIAL,ACTIVE
5000394,Kilifi,PRIVATE TPO,15-Apr-20,14-Apr-25,4,3881,EXTEND,PRIVATE,ACTIVE
5000395,Kilifi,PRIVATE TOR,15-Apr-20,14-May-24,5,700,EXTEND,PRIVATE,ACTIVE
5000396,Kilifi,PRIVATE TPO,14-Apr-20,13-Apr-25,4,3881,EXTEND,PRIVATE,ACTIVE
5000397,Kilifi,PRIVATE TOR,13-Apr-20,12-May-24,5,700,EXTEND,PRIVATE,ACTIVE
5000398,Kilifi,COMMERCIAL TPO OWN GOODS,13-Apr-20,12-Apr-25,4,4150,EXTEND,COMMERCIAL,ACTIVE
5000399,Kilifi,PRIVATE TPO,13-Apr-20,12-Apr-24,5,3881,EXTEND,PRIVATE,ACTIVE
5000400,Kilifi,PRIVATE TOR,12-Apr-20,11-May-24,4,700,EXTEND,PRIVATE,ACTIVE
5000401,Kilifi,COMMERCIAL TOR OWN GOODS,12-Apr-20,11-May-24,4,700,EXTEND,COMMERCIAL,ACTIVE
5000402,Kilifi,PRIVATE TPO,12-Apr-20,11-Apr-25,4,3881,EXTEND,PRIVATE,ACTIVE
5000403,Kilifi,PRIVATE TPO,12-Apr-20,11-Apr-25,5,3881,EXTEND,PRIVATE,ACTIVE
5000404,Kilifi,PRIVATE TOR,11-Apr-20,10-May-24,5,750,EXTEND,PRIVATE,ACTIVE
5000405,Kilifi,PRIVATE TOR,12-Apr-20,11-May-24,4,750,EXTEND,PRIVATE,ACTIVE
5000406,Kilifi,PRIVATE TOR,11-Apr-20,10-May-24,4,750,EXTEND,PRIVATE,ACTIVE
5000407,Kilifi,PRIVATE TOR,10-Apr-20,9-May-24,4,750,EXTEND,PRIVATE,ACTIVE
5000408,Kilifi,PRIVATE TPO,25-Apr-20,24-Apr-25,4,3881,EXTEND,PRIVATE,ACTIVE
5000409,Kilifi,COMMERCIAL TOR GENERAL CARTAGE,24-Apr-20,23-May-24,5,700,EXTEND,COMMERCIAL,ACTIVE
5000410,Kilifi,PRIVATE TOR,24-Apr-20,23-May-24,4,750,EXTEND,PRIVATE,ACTIVE
5000411,Kilifi,COMMERCIAL TOR OWN GOODS,24-Apr-20,23-May-24,4,700,EXTEND,COMMERCIAL,ACTIVE
5000412,Kilifi,PSV TPO TAXI,22-Apr-20,21-Apr-25,4,0,EXTEND,COMMERCIAL,NOT ACTIVE 
5000413,Kilifi,COMMERCIAL TOR OWN GOODS,22-Apr-20,21-May-24,5,700,EXTEND,COMMERCIAL,ACTIVE
5000414,Kilifi,COMMERCIAL TPO OWN GOODS,22-Apr-20,21-Apr-25,4,4150,EXTEND,COMMERCIAL,ACTIVE
5000415,Kilifi,PRIVATE TOR,22-Apr-20,21-May-24,5,750,EXTEND,PRIVATE,ACTIVE
5000416,Kilifi,COMMERCIAL TOR OWN GOODS,20-Apr-20,19-May-24,4,700,EXTEND,COMMERCIAL,ACTIVE
5000417,Kilifi,PRIVATE TPO,20-Apr-20,19-May-24,4,3881,EXTEND,PRIVATE,ACTIVE
5000418,Kilifi,PRIVATE TPO,19-Apr-20,19-Apr-25,4,700,EXTEND,PRIVATE,ACTIVE
5000419,Kilifi,PRIVATE TOR,19-Apr-20,18-Apr-25,5,4155,EXTEND,PRIVATE,ACTIVE
5000420,Kilifi,PRIVATE COMPREHENSIVE,19-Apr-20,18-Apr-25,5,700,EXTEND,PRIVATE,ACTIVE
5000421,Kilifi,PRIVATE TOR,19-Apr-20,18-May-24,5,4155,EXTEND,PRIVATE,ACTIVE
5000422,Kilifi,PSV TPO TAXI,17-Apr-20,16-Apr-25,4,700,EXTEND,COMMERCIAL,ACTIVE
5000423,Kilifi,PRIVATE TPO,18-Apr-20,17-Apr-25,5,4387,EXTEND,PRIVATE,ACTIVE
5000424,Kilifi,PRIVATE TOR,6-May-20,5-Jun-24,5,750,EXTEND,PRIVATE,ACTIVE
5000425,Kilifi,PRIVATE TPO,3-May-20,2-May-25,4,3881,EXTEND,PRIVATE,ACTIVE
5000426,Kilifi,COMMERCIAL TOR OWN GOODS,2-May-20,1-Jun-24,5,750,EXTEND,COMMERCIAL,ACTIVE
5000427,Kilifi,COMMERCIAL TOR GENERAL CARTAGE,2-May-20,1-Jun-24,4,750,EXTEND,COMMERCIAL,ACTIVE
5000428,Kilifi,PRIVATE TOR,30-Apr-20,29-May-24,4,750,EXTEND,PRIVATE,ACTIVE
5000429,Kilifi,PRIVATE TOR,30-Apr-20,29-May-24,4,750,EXTEND,PRIVATE,ACTIVE
5000430,Kilifi,COMMERCIAL TPO GENERAL CARTAGE,30-Apr-20,29-May-25,4,4150,EXTEND,COMMERCIAL,ACTIVE
5000431,Kilifi,COMMERCIAL TOR GENERAL CARTAGE,29-Apr-20,28-May-24,5,750,EXTEND,COMMERCIAL,ACTIVE
5000432,Kilifi,PRIVATE TOR,29-Apr-20,28-May-24,4,750,EXTEND,PRIVATE,ACTIVE
5000433,Kilifi,PRIVATE TOR,28-Apr-20,11-May-24,4,0,EXTEND,PRIVATE,NOT ACTIVE 
5000434,Kilifi,PRIVATE TOR,7-May-20,6-Jun-24,4,700,EXTEND,PRIVATE,ACTIVE
5000435,Kilifi,PRIVATE TPO,27-Apr-20,26-Apr-25,4,1870,EXTEND,PRIVATE,ACTIVE
5000436,Kilifi,PRIVATE TOR,26-Apr-20,25-May-24,5,750,EXTEND,PRIVATE,ACTIVE
5000437,Kilifi,PRIVATE TOR,26-Apr-20,25-May-24,4,750,EXTEND,PRIVATE,ACTIVE
5000438,Kilifi,PRIVATE TPO,26-Apr-20,25-Apr-25,4,3881,EXTEND,PRIVATE,ACTIVE
5000439,Kilifi,PRIVATE TPO,26-Apr-20,24-Apr-25,5,1870,EXTEND,PRIVATE,ACTIVE
5000440,Kilifi,PRIVATE TOR ,25-May-20,24-Jun-24,5,650,EXTEND,PRIVATE,ACTIVE
5000441,Kilifi,PRIVATE TOR,26-May-20,25-Jun-24,4,650,EXTEND,PRIVATE,ACTIVE
5000442,Kilifi,COMMERCIAL TOR OWN GOODS,24-May-20,23-Jun-24,4,650,EXTEND,COMMERCIAL,ACTIVE
5000443,Kilifi,PRIVATE TOR,24-May-20,23-Jun-24,4,650,EXTEND,PRIVATE,ACTIVE
5000444,Kilifi,PRIVATE TOR,24-May-20,23-Jun-24,4,650,EXTEND,PRIVATE,ACTIVE
5000445,Kilifi,PRIVATE TOR,24-May-20,23-Jun-24,4,650,EXTEND,PRIVATE,ACTIVE
5000446,Kilifi,COMMERCIAL TOR OWN GOODS,23-May-20,22-Jun-24,4,650,EXTEND,COMMERCIAL,ACTIVE
5000447,Kilifi,PRIVATE COMPREHENSIVE,22-May-20,21-May-25,4,4150,EXTEND,PRIVATE,ACTIVE
5000448,Kilifi,PRIVATE COMPREHENSIVE,22-May-20,21-May-25,5,5176,EXTEND,PRIVATE,ACTIVE
5000449,Kilifi,PRIVATE TOR,22-May-20,21-Jun-24,5,650,EXTEND,PRIVATE,ACTIVE
5000450,Kilifi,PRIVATE TPO,21-May-20,20-May-25,4,3300,EXTEND,PRIVATE,ACTIVE
5000451,Kilifi,PRIVATE TPO,21-May-20,20-May-25,5,3300,EXTEND,PRIVATE,ACTIVE
5000452,Kilifi,PRIVATE TOR,21-May-20,20-Jun-24,5,650,EXTEND,PRIVATE,ACTIVE
5000453,Kilifi,PRIVATE TPO,21-May-20,20-May-25,4,3300,EXTEND,PRIVATE,ACTIVE
5000454,Kilifi,COMMERCIAL TOR OWN GOODS,20-May-20,19-Jun-24,5,650,EXTEND,COMMERCIAL,ACTIVE
5000455,Kilifi,PRIVATE TPO ,20-May-20,19-May-25,4,0,EXTEND,PRIVATE,NOT ACTIVE 
5000456,Kilifi,PRIVATE COMPREHENSIVE,22-May-20,21-May-25,5,5225,EXTEND,PRIVATE,ACTIVE
5000457,Kilifi,PRIVATE TOR,18-May-20,17-Jun-24,5,650,EXTEND,PRIVATE,ACTIVE 
5000458,Kilifi,PRIVATE TPO,18-May-20,17-May-25,4,3300,EXTEND,PRIVATE,ACTIVE
5000459,Kilifi,PRIVATE TPO,17-May-20,16-May-25,5,3300,EXTEND,PRIVATE,ACTIVE
5000460,Kilifi,PRIVATE TOR,16-May-20,15-Jun-24,5,650,EXTEND,PRIVATE,ACTIVE
5000461,Kilifi,COMMERCIAL TOR OWN GOODS,16-May-20,15-Jun-24,4,650,EXTEND,COMMERCIAL,ACTIVE
5000462,Kilifi,PRIVATE TOR,15-May-20,14-Jun-24,4,650,EXTEND,PRIVATE,ACTIVE
5000463,Kilifi,COMMERCIAL TPO OWN GOODS,14-May-20,13-May-25,4,0,EXTEND,COMMERCIAL,NOT ACTIVE 
5000464,Kilifi,COMMERCIAL TOR OWN GOODS,14-May-20,13-Jun-24,5,650,EXTEND,COMMERCIAL,ACTIVE
5000465,Kilifi,PRIVATE TOR,13-May-20,12-Jun-24,4,650,EXTEND,PRIVATE,ACTIVE
5000466,Kilifi,PRIVATE TPO,15-May-20,14-May-25,4,3300,EXTEND,PRIVATE,ACTIVE
5000467,Kilifi,COMMERCIAL TPO OWN GOODS,13-May-20,12-May-25,5,2784,EXTEND,COMMERCIAL,ACTIVE
5000468,Kilifi,PRIVATE TOR,13-May-20,12-Jun-24,5,750,EXTEND,PRIVATE,ACTIVE
5000469,Kilifi,PRIVATE TOR,13-May-20,12-Jun-24,4,750,EXTEND,PRIVATE,ACTIVE
5000470,Kilifi,PRIVATE TOR,14-May-20,13-Jun-24,4,750,EXTEND,PRIVATE,ACTIVE
5000471,Kilifi,PRIVATE TOR ,12-May-20,11-Jun-24,4,750,EXTEND,PRIVATE,ACTIVE
5000472,Kilifi,PRIVATE TPO,11-May-20,10-May-25,4,3881,EXTEND,PRIVATE,ACTIVE
5000473,Kilifi,PSV TPO TAXI,10-May-20,9-May-25,5,4387,EXTEND,COMMERCIAL,ACTIVE
5000474,Kilifi,PRIVATE TPO,9-May-20,8-May-25,5,3881,EXTEND,PRIVATE,ACTIVE
5000475,Kilifi,PRIVATE TOR,9-May-20,8-Jun-24,4,750,EXTEND,PRIVATE,ACTIVE
5000476,Kilifi,COMMERCIAL TOR OWN GOODS,8-Aug-20,7-Jun-24,4,750,EXTEND,COMMERCIAL,NOT ACTIVE 
5000477,Kilifi,PRIVATE TOR,7-May-20,6-Jun-24,4,750,EXTEND,PRIVATE,ACTIVE
5000478,Kilifi,PRIVATE TPO,9-May-20,8-May-25,5,3881,EXTEND,PRIVATE,ACTIVE
5000479,Kilifi,PRIVATE TPO,7-May-20,6-May-25,5,1870,EXTEND,PRIVATE,ACTIVE
5000480,Kilifi,PRIVATE TOR,6-May-20,5-Jun-24,4,750,EXTEND,PRIVATE,ACTIVE
5000481,Kilifi,PRIVATE TPO,6-May-20,5-May-25,5,0,EXTEND,PRIVATE,NOT ACTIVE 
5000482,Kilifi,PRIVATE TOR ,7-May-20,6-Jun-24,4,750,EXTEND,PRIVATE,NOT ACTIVE 
5000483,Kilifi,PRIVATE TOR,6-May-20,5-Jun-24,4,750,EXTEND,PRIVATE,ACTIVE
5000484,Kilifi,PRIVATE TOR,6-May-20,5-Jun-24,4,750,EXTEND,PRIVATE,ACTIVE
5000485,Kilifi,PRIVATE TPO,6-May-20,5-May-25,5,3881,EXTEND,PRIVATE,ACTIVE
5000486,Kilifi,PRIVATE TOR,6-May-20,5-Jun-24,4,750,EXTEND,PRIVATE,ACTIVE
